Period,Org Code,Parent Org,Org name,A&E attendances Type 1,A&E attendances Type 2,A&E attendances Other A&E Department,A&E attendances Booked Appointments Type 1,A&E attendances Booked Appointments Type 2,A&E attendances Booked Appointments Other Department,Attendances over 4hrs Type 1,Attendances over 4hrs Type 2,Attendances over 4hrs Other Department,Attendances over 4hrs Booked Appointments Type 1,Attendances over 4hrs Booked Appointments Type 2,Attendances over 4hrs Booked Appointments Other Department,Patients who have waited 4-12 hs from DTA to admission,Patients who have waited 12+ hrs from DTA to admission,Emergency admissions via A&E - Type 1,Emergency admissions via A&E - Type 2,Emergency admissions via A&E - Other A&E department,Other emergency admissions
MSitAE-JUNE-2025,RJ8,NHS ENGLAND SOUTH WEST ,CORNWALL PARTNERSHIP NHS FOUNDATION TRUST,0,0,0,0,0,0,0,0,0,0,0,0,0,0,0,0,16,78
MSitAE-JUNE-2025,RW1,NHS ENGLAND SOUTH EAST ,HAMPSHIRE AND ISLE OF WIGHT HEALTHCARE NHS FOUNDATION TRUST,0,0,3100,0,0,0,0,0,52,0,0,0,0,0,0,0,4,120
MSitAE-JUNE-2025,Y02615,NHS ENGLAND MIDLANDS ,SOUTH BIRMINGHAM GP WALK IN CENTRE,0,0,6125,0,0,0,0,0,0,0,0,0,0,0,0,0,0,0
MSitAE-JUNE-2025,Y02676,NHS ENGLAND SOUTH EAST ,BRIGHTON STATION HEALTH CENTRE,0,0,1793,0,0,0,0,0,1,0,0,0,0,0,0,0,0,0
MSitAE-JUNE-2025,AAH,NHS ENGLAND SOUTH WEST ,TETBURY HOSPITAL TRUST LTD,0,0,611,0,0,0,0,0,0,0,0,0,0,0,0,0,0,0
MSitAE-JUNE-2025,AQN04,NHS ENGLAND SOUTH EAST ,PHL LYMINGTON UTC,0,0,3421,0,0,1,0,0,104,0,0,0,0,0,0,0,0,0
MSitAE-JUNE-2025,C82038,NHS ENGLAND MIDLANDS ,LATHAM HOUSE MEDICAL PRACTICE,0,0,426,0,0,0,0,0,0,0,0,0,0,0,0,0,0,0
MSitAE-JUNE-2025,NQTE4,NHS ENGLAND MIDLANDS ,SUMMERFIELD URGENT CARE CENTRE,0,0,2962,0,0,0,0,0,0,0,0,0,0,0,0,0,0,0
MSitAE-JUNE-2025,NTV0B,NHS ENGLAND SOUTH EAST ,ASHFORD WALK-IN-CENTRE,0,0,2273,0,0,0,0,0,278,0,0,0,0,0,0,0,0,0
MSitAE-JUNE-2025,NTV0W,NHS ENGLAND SOUTH EAST ,WOKING WALK IN CENTRE,0,0,2655,0,0,0,0,0,195,0,0,0,0,0,0,0,0,0
MSitAE-JUNE-2025,RA9,NHS ENGLAND SOUTH WEST ,TORBAY AND SOUTH DEVON NHS FOUNDATION TRUST,6570,0,3704,429,0,156,2841,0,8,169,0,1,273,70,2175,0,0,1147
MSitAE-JUNE-2025,RBQ,NHS ENGLAND NORTH WEST ,LIVERPOOL HEART AND CHEST HOSPITAL NHS FOUNDATION TRUST,0,0,0,0,0,0,0,0,0,0,0,0,0,0,0,0,0,127
MSitAE-JUNE-2025,RCD,NHS ENGLAND NORTH EAST AND YORKSHIRE ,HARROGATE AND DISTRICT NHS FOUNDATION TRUST,5412,0,1105,372,0,14,1498,0,0,88,0,0,165,5,1187,0,0,292
MSitAE-JUNE-2025,RDY,NHS ENGLAND SOUTH WEST ,DORSET HEALTHCARE UNIVERSITY NHS FOUNDATION TRUST,0,0,0,0,0,0,0,0,0,0,0,0,0,0,0,0,0,0
MSitAE-JUNE-2025,RTP,NHS ENGLAND SOUTH EAST ,SURREY AND SUSSEX HEALTHCARE NHS TRUST,10423,0,0,0,0,0,3709,0,0,0,0,0,486,587,3043,0,0,886
MSitAE-JUNE-2025,RWY,NHS ENGLAND NORTH EAST AND YORKSHIRE ,CALDERDALE AND HUDDERSFIELD NHS FOUNDATION TRUST,16287,0,0,0,0,0,2692,0,0,0,0,0,652,7,2762,0,0,200
MSitAE-JUNE-2025,RY7,NHS ENGLAND NORTH WEST ,WIRRAL COMMUNITY HEALTH AND CARE NHS FOUNDATION TRUST,0,0,4352,0,0,0,0,0,273,0,0,0,0,0,0,0,0,0
MSitAE-JUNE-2025,Y00751,NHS ENGLAND SOUTH EAST ,EAST BERKS PRIMARY CARE OOH(WAM),0,0,0,0,0,0,0,0,0,0,0,0,0,0,0,0,0,0
MSitAE-JUNE-2025,Y02428,NHS ENGLAND EAST OF ENGLAND ,PUTNOE WALK IN CENTRE,0,0,2269,0,0,0,0,0,0,0,0,0,0,0,0,0,0,0
MSitAE-JUNE-2025,Y02532,NHS ENGLAND NORTH WEST ,MIRIAM MINOR EMERGENCY,0,0,1611,0,0,0,0,0,0,0,0,0,0,0,0,0,0,0
MSitAE-JUNE-2025,Y03218,NHS ENGLAND LONDON,THE PINN UNREGISTERED WIC,0,0,822,0,0,0,0,0,0,0,0,0,0,0,0,0,0,0
MSitAE-JUNE-2025,Y07709,NHS ENGLAND SOUTH EAST ,READING URGENT CARE CENTRE,0,0,1793,0,0,0,0,0,0,0,0,0,0,0,0,0,0,0
MSitAE-JUNE-2025,ACH01,NHS ENGLAND SOUTH EAST ,WHITSTABLE MEDICAL PRACTICE,0,0,4942,0,0,0,0,0,0,0,0,0,0,0,0,0,0,0
MSitAE-JUNE-2025,C82009,NHS ENGLAND MIDLANDS ,MARKET HARBOROUGH MED.CTR,0,0,336,0,0,0,0,0,0,0,0,0,0,0,0,0,0,0
MSitAE-JUNE-2025,NDJ,NHS ENGLAND SOUTH EAST ,FIRST COMMUNITY HEALTH AND CARE CIC,0,0,2636,0,0,0,0,0,0,0,0,0,0,0,0,0,0,0
MSitAE-JUNE-2025,RAS,NHS ENGLAND LONDON,THE HILLINGDON HOSPITALS NHS FOUNDATION TRUST,5813,0,6820,0,0,0,2574,0,125,0,0,0,324,33,2228,0,0,77
MSitAE-JUNE-2025,RFF,NHS ENGLAND NORTH EAST AND YORKSHIRE ,BARNSLEY HOSPITAL NHS FOUNDATION TRUST,9221,0,0,22,0,0,3419,0,0,0,0,0,429,0,2967,0,0,486
MSitAE-JUNE-2025,RWP,NHS ENGLAND MIDLANDS ,WORCESTERSHIRE ACUTE HOSPITALS NHS TRUST,13862,0,6476,0,0,0,6811,0,87,0,0,0,684,795,2799,0,0,809
MSitAE-JUNE-2025,RXQ,NHS ENGLAND SOUTH EAST ,BUCKINGHAMSHIRE HEALTHCARE NHS TRUST,10914,1238,3089,1,0,0,3341,0,58,1,0,0,231,223,3965,885,0,2063
MSitAE-JUNE-2025,8J094,NHS ENGLAND MIDLANDS ,BADGER LTD,0,0,0,0,0,988,0,0,0,0,0,0,0,0,0,0,0,0
MSitAE-JUNE-2025,C83023,NHS ENGLAND MIDLANDS ,SLEAFORD MEDICAL GROUP,0,0,453,0,0,0,0,0,0,0,0,0,0,0,0,0,0,5
MSitAE-JUNE-2025,DT301,NHS ENGLAND EAST OF ENGLAND ,HERTS URGENT CARE (ASCOTS LANE),0,0,2403,0,0,0,0,0,111,0,0,0,0,0,0,0,0,0
MSitAE-JUNE-2025,NV693,NHS ENGLAND NORTH WEST ,ROSSENDALE MIU & OOH,0,0,1112,0,0,0,0,0,1,0,0,0,0,0,0,0,0,0
MSitAE-JUNE-2025,RJL,NHS ENGLAND NORTH EAST AND YORKSHIRE ,NORTHERN LINCOLNSHIRE AND GOOLE NHS FOUNDATION TRUST,9049,0,7383,0,0,430,4843,0,109,0,0,3,728,761,5402,0,0,446
MSitAE-JUNE-2025,RTR,NHS ENGLAND NORTH EAST AND YORKSHIRE ,SOUTH TEES HOSPITALS NHS FOUNDATION TRUST,7240,0,9725,0,0,1635,3588,0,734,0,0,40,250,6,2560,0,115,2453
MSitAE-JUNE-2025,RXR,NHS ENGLAND NORTH WEST ,EAST LANCASHIRE HOSPITALS NHS TRUST,13323,0,10988,0,0,0,4409,0,446,0,0,0,514,957,3826,0,100,1601
MSitAE-JUNE-2025,Y02147,NHS ENGLAND LONDON,URGENT CARE CENTRE (QMS),0,0,8011,0,0,377,0,0,131,0,0,0,0,0,0,0,0,0
MSitAE-JUNE-2025,Y03007,NHS ENGLAND MIDLANDS ,ERDINGTON GP HEALTH & WELLBEING WIC,0,0,0,0,0,1230,0,0,0,0,0,0,0,0,0,0,0,0
MSitAE-JUNE-2025,G0Q0L,NHS ENGLAND LONDON,BARKING HOSPITAL UTC,0,0,2890,0,0,0,0,0,32,0,0,0,0,0,0,0,0,0
MSitAE-JUNE-2025,K6K0R,NHS ENGLAND LONDON,HAROLD WOOD POLYCLINIC UTC,0,0,2715,0,0,0,0,0,23,0,0,0,0,0,0,0,0,0
MSitAE-JUNE-2025,NL7,NHS ENGLAND MIDLANDS ,ASSURA VERTIS URGENT CARE CENTRES (BIRMINGHAM),0,0,2863,0,0,0,0,0,0,0,0,0,0,0,0,0,0,0
MSitAE-JUNE-2025,NQT51,NHS ENGLAND SOUTH EAST ,STATION PLAZA HEALTH CENTRE,0,0,987,0,0,0,0,0,0,0,0,0,0,0,0,0,0,0
MSitAE-JUNE-2025,REM,NHS ENGLAND NORTH WEST ,LIVERPOOL UNIVERSITY HOSPITALS NHS FOUNDATION TRUST,15366,1643,7468,421,0,0,7502,27,223,68,0,0,1873,870,4531,0,0,2338
MSitAE-JUNE-2025,RV9,NHS ENGLAND NORTH EAST AND YORKSHIRE ,HUMBER TEACHING NHS FOUNDATION TRUST,0,0,1256,0,0,43,0,0,4,0,0,0,0,0,0,0,0,0
MSitAE-JUNE-2025,AJN,NHS ENGLAND NORTH EAST AND YORKSHIRE ,WORKINGTON HEALTH LIMITED,0,0,401,0,0,0,0,0,0,0,0,0,0,0,0,0,0,0
MSitAE-JUNE-2025,NTPAD,NHS ENGLAND SOUTH EAST ,PRACTICE PLUS GROUP SURGICAL CENTRE - ST MARYS PORTSMOUTH,0,0,5372,0,0,152,0,0,171,0,0,3,0,0,0,0,0,0
MSitAE-JUNE-2025,R0B,NHS ENGLAND NORTH EAST AND YORKSHIRE ,SOUTH TYNESIDE AND SUNDERLAND NHS FOUNDATION TRUST,11137,1252,5843,808,0,1450,5337,21,311,425,0,109,779,2,4313,14,0,1492
MSitAE-JUNE-2025,RCX,NHS ENGLAND EAST OF ENGLAND ,"THE QUEEN ELIZABETH HOSPITAL, KING'S LYNN, NHS FOUNDATION TRUST",6635,0,1176,0,0,0,2967,0,0,0,0,0,758,95,1816,0,0,327
MSitAE-JUNE-2025,RFR,NHS ENGLAND NORTH EAST AND YORKSHIRE ,THE ROTHERHAM NHS FOUNDATION TRUST,9049,0,0,0,0,0,2401,0,0,0,0,0,275,1,2073,0,0,207
MSitAE-JUNE-2025,RQX,NHS ENGLAND LONDON,HOMERTON HEALTHCARE NHS FOUNDATION TRUST,11079,0,0,0,0,0,2188,0,0,0,0,0,185,23,1794,0,0,369
MSitAE-JUNE-2025,A5D4Q,NHS ENGLAND MIDLANDS ,NEMS UTC,0,0,3731,0,0,0,0,0,722,0,0,0,0,0,0,0,0,0
MSitAE-JUNE-2025,ARN03,NHS ENGLAND NORTH EAST AND YORKSHIRE ,LOCAL CARE DIRECT,0,0,2174,0,0,165,0,0,9,0,0,0,0,0,0,0,0,0
MSitAE-JUNE-2025,G3P9C,NHS ENGLAND SOUTH WEST ,TROWBRIDGE MINOR INJURIES UNIT,0,0,1048,0,0,0,0,0,1,0,0,0,0,0,0,0,0,0
MSitAE-JUNE-2025,L83087,NHS ENGLAND SOUTH WEST ,OKEHAMPTON MEDICAL CENTRE,0,0,99,0,0,0,0,0,0,0,0,0,0,0,0,0,0,0
MSitAE-JUNE-2025,NLX,NHS ENGLAND SOUTH WEST ,SIRONA CARE & HEALTH,0,0,9376,0,0,354,0,0,417,0,0,40,0,0,0,0,0,0
MSitAE-JUNE-2025,NNF09,NHS ENGLAND NORTH EAST AND YORKSHIRE ,BRANSHOLME HEALTH CENTRE,0,0,3846,0,0,0,0,0,525,0,0,0,0,0,0,0,0,0
MSitAE-JUNE-2025,NNF16,NHS ENGLAND NORTH EAST AND YORKSHIRE ,BRIDLINGTON HOSPITAL,0,0,1526,0,0,0,0,0,62,0,0,0,0,0,0,0,0,0
MSitAE-JUNE-2025,NNF94,NHS ENGLAND NORTH EAST AND YORKSHIRE ,EAST RIDING COMMUNITY HOSPITAL,0,0,3038,0,0,0,0,0,212,0,0,0,0,0,0,0,0,0
MSitAE-JUNE-2025,NNFA7,NHS ENGLAND NORTH EAST AND YORKSHIRE ,GOOLE & DISTRICT HOSPITAL,0,0,1790,0,0,0,0,0,5,0,0,0,0,0,0,0,0,0
MSitAE-JUNE-2025,NQT1I,NHS ENGLAND SOUTH WEST ,CHIPPENHAM COMMUNITY HOSPITAL,0,0,1833,0,0,0,0,0,37,0,0,0,0,0,0,0,0,0
MSitAE-JUNE-2025,NQT5F,NHS ENGLAND NORTH WEST ,SKELMERSDALE WALK IN CENTRE,0,0,1587,0,0,0,0,0,9,0,0,0,0,0,0,0,0,0
MSitAE-JUNE-2025,RAX,NHS ENGLAND LONDON,KINGSTON AND RICHMOND NHS FOUNDATION TRUST,6808,0,8564,0,0,0,3230,0,243,0,0,0,298,221,2281,0,266,640
MSitAE-JUNE-2025,RBD,NHS ENGLAND SOUTH WEST ,DORSET COUNTY HOSPITAL NHS FOUNDATION TRUST,4556,0,0,482,0,4679,1499,0,0,101,0,15,208,18,2051,0,0,532
MSitAE-JUNE-2025,RCF,NHS ENGLAND NORTH EAST AND YORKSHIRE ,AIREDALE NHS FOUNDATION TRUST,6194,219,0,479,0,0,2095,0,0,0,0,0,328,99,1540,0,0,471
MSitAE-JUNE-2025,RGP,NHS ENGLAND EAST OF ENGLAND ,JAMES PAGET UNIVERSITY HOSPITALS NHS FOUNDATION TRUST,7615,0,1279,0,0,0,2981,0,0,0,0,0,503,202,1528,0,0,499
MSitAE-JUNE-2025,RK9,NHS ENGLAND SOUTH WEST ,UNIVERSITY HOSPITALS PLYMOUTH NHS TRUST,9169,138,5765,0,0,0,4584,0,85,0,0,0,477,658,2761,0,0,1712
MSitAE-JUNE-2025,RNN,NHS ENGLAND NORTH EAST AND YORKSHIRE ,NORTH CUMBRIA INTEGRATED CARE NHS FOUNDATION TRUST,8759,0,2068,279,0,13,3932,0,37,72,0,1,701,403,2412,0,0,809
MSitAE-JUNE-2025,RR7,NHS ENGLAND NORTH EAST AND YORKSHIRE ,GATESHEAD HEALTH NHS FOUNDATION TRUST,6051,0,3871,44,0,3,2269,0,40,15,0,0,614,2,1661,0,0,54
MSitAE-JUNE-2025,RTQ,NHS ENGLAND SOUTH WEST ,GLOUCESTERSHIRE HEALTH AND CARE NHS FOUNDATION TRUST,0,0,8850,0,0,0,0,0,172,0,0,0,0,0,0,0,0,29
MSitAE-JUNE-2025,RXK,NHS ENGLAND MIDLANDS ,SANDWELL AND WEST BIRMINGHAM HOSPITALS NHS TRUST,11589,1281,8183,259,0,0,4324,191,257,96,0,0,629,87,2623,0,0,500
MSitAE-JUNE-2025,RY8,NHS ENGLAND MIDLANDS ,DERBYSHIRE COMMUNITY HEALTH SERVICES NHS FOUNDATION TRUST,0,0,8156,0,0,1470,0,0,248,0,0,6,0,0,0,0,0,0
MSitAE-JUNE-2025,RYF,NHS ENGLAND SOUTH WEST ,SOUTH WESTERN AMBULANCE SERVICE NHS FOUNDATION TRUST,0,0,2009,0,0,18,0,0,24,0,0,0,0,0,0,0,0,0
MSitAE-JUNE-2025,RYG,NHS ENGLAND MIDLANDS ,COVENTRY AND WARWICKSHIRE PARTNERSHIP NHS TRUST,0,0,0,0,0,0,0,0,0,0,0,0,0,0,0,0,11,67
MSitAE-JUNE-2025,AQM01,NHS ENGLAND SOUTH EAST ,FAVERSHAM MEDICAL PRACTICE MIU,0,0,2755,0,0,0,0,0,0,0,0,0,0,0,0,0,0,0
MSitAE-JUNE-2025,NQT5H,NHS ENGLAND SOUTH WEST ,PAULTON MEMORIAL HOSPITAL,0,0,1290,0,0,0,0,0,5,0,0,0,0,0,0,0,0,0
MSitAE-JUNE-2025,R0A,NHS ENGLAND NORTH WEST ,MANCHESTER UNIVERSITY NHS FOUNDATION TRUST,24752,3028,11652,3295,544,905,10611,102,600,1260,12,91,3081,108,5660,135,150,456
MSitAE-JUNE-2025,RA2,NHS ENGLAND SOUTH EAST ,ROYAL SURREY COUNTY HOSPITAL NHS FOUNDATION TRUST,6763,0,1944,883,0,19,1863,0,0,189,0,0,296,5,2491,0,0,1035
MSitAE-JUNE-2025,RAJ,NHS ENGLAND EAST OF ENGLAND ,MID AND SOUTH ESSEX NHS FOUNDATION TRUST,30471,0,3900,1,0,2,8343,0,120,0,0,0,2177,165,8598,0,173,1339
MSitAE-JUNE-2025,RAT,NHS ENGLAND LONDON,NORTH EAST LONDON NHS FOUNDATION TRUST,0,0,1728,0,0,0,0,0,60,0,0,0,0,0,0,0,0,0
MSitAE-JUNE-2025,RBT,NHS ENGLAND NORTH WEST ,MID CHESHIRE HOSPITALS NHS FOUNDATION TRUST,7306,0,2848,0,0,64,4083,0,90,0,0,4,511,427,2053,0,0,922
MSitAE-JUNE-2025,RD8,NHS ENGLAND EAST OF ENGLAND ,MILTON KEYNES UNIVERSITY HOSPITAL NHS FOUNDATION TRUST,8358,0,4975,729,0,153,3075,0,10,292,0,0,647,0,2112,0,0,383
MSitAE-JUNE-2025,REF,NHS ENGLAND SOUTH WEST ,ROYAL CORNWALL HOSPITALS NHS TRUST,7034,0,13590,0,0,0,3980,0,916,0,0,0,735,429,2637,0,62,1007
MSitAE-JUNE-2025,RJC,NHS ENGLAND MIDLANDS ,SOUTH WARWICKSHIRE UNIVERSITY NHS FOUNDATION TRUST,8366,0,397,1,0,0,2124,0,0,0,0,0,334,11,2083,0,0,893
MSitAE-JUNE-2025,RJZ,NHS ENGLAND LONDON,KING'S COLLEGE HOSPITAL NHS FOUNDATION TRUST,15041,0,9358,39,0,1219,6741,0,547,10,0,0,1619,931,3508,0,0,294
MSitAE-JUNE-2025,RLQ,NHS ENGLAND MIDLANDS ,WYE VALLEY NHS TRUST,6098,1035,217,72,0,0,2576,0,0,9,0,0,411,234,1372,0,0,174
MSitAE-JUNE-2025,RMC,NHS ENGLAND NORTH WEST ,BOLTON NHS FOUNDATION TRUST,7988,0,3979,51,0,13,3910,0,288,25,0,0,545,245,2505,0,107,906
MSitAE-JUNE-2025,RMP,NHS ENGLAND NORTH WEST ,TAMESIDE AND GLOSSOP INTEGRATED CARE NHS FOUNDATION TRUST,8629,0,2431,390,0,55,4721,0,22,0,0,0,376,705,1690,0,0,148
MSitAE-JUNE-2025,RNA,NHS ENGLAND MIDLANDS ,THE DUDLEY GROUP NHS FOUNDATION TRUST,10299,0,3929,0,0,639,2978,0,25,0,0,0,1724,78,3450,0,0,2858
MSitAE-JUNE-2025,RNQ,NHS ENGLAND MIDLANDS ,KETTERING GENERAL HOSPITAL NHS FOUNDATION TRUST,9895,0,8172,330,0,0,3673,0,135,0,0,0,724,556,1936,0,0,244
MSitAE-JUNE-2025,RP5,NHS ENGLAND NORTH EAST AND YORKSHIRE ,DONCASTER AND BASSETLAW TEACHING HOSPITALS NHS FOUNDATION TRUST,14268,0,4315,0,0,0,4511,0,15,0,0,0,987,80,3884,0,452,962
MSitAE-JUNE-2025,RRV,NHS ENGLAND LONDON,UNIVERSITY COLLEGE LONDON HOSPITALS NHS FOUNDATION TRUST,13449,0,0,392,0,0,3610,0,0,0,0,0,252,55,1460,0,0,257
MSitAE-JUNE-2025,RTG,NHS ENGLAND MIDLANDS ,UNIVERSITY HOSPITALS OF DERBY AND BURTON NHS FOUNDATION TRUST,18581,0,9680,4485,0,39,8586,0,0,365,0,0,1059,709,3973,0,0,1913
MSitAE-JUNE-2025,RTK,NHS ENGLAND SOUTH EAST ,ASHFORD AND ST PETER'S HOSPITALS NHS FOUNDATION TRUST,7124,0,3048,0,0,0,3452,0,26,0,0,0,584,183,2807,0,0,725
MSitAE-JUNE-2025,RVW,NHS ENGLAND NORTH EAST AND YORKSHIRE ,NORTH TEES AND HARTLEPOOL NHS FOUNDATION TRUST,4778,0,11254,0,0,0,2497,0,49,0,0,0,233,11,1617,0,404,2189
MSitAE-JUNE-2025,RWA,NHS ENGLAND NORTH EAST AND YORKSHIRE ,HULL UNIVERSITY TEACHING HOSPITALS NHS TRUST,9584,0,4415,0,0,0,5539,0,532,0,0,0,1105,408,3672,0,0,2386
MSitAE-JUNE-2025,RWF,NHS ENGLAND SOUTH EAST ,MAIDSTONE AND TUNBRIDGE WELLS NHS TRUST,18050,0,2451,990,0,169,3527,0,70,138,0,1,985,172,5521,0,0,1028
MSitAE-JUNE-2025,RX1,NHS ENGLAND MIDLANDS ,NOTTINGHAM UNIVERSITY HOSPITALS NHS TRUST,13038,2226,0,0,0,0,6606,56,0,0,0,0,282,518,4219,0,478,4027
MSitAE-JUNE-2025,RXF,NHS ENGLAND NORTH EAST AND YORKSHIRE ,MID YORKSHIRE TEACHING NHS TRUST,16824,130,6620,120,0,76,6283,0,170,0,0,0,1584,49,3535,0,179,821
MSitAE-JUNE-2025,RXL,NHS ENGLAND NORTH WEST ,BLACKPOOL TEACHING HOSPITALS NHS FOUNDATION TRUST,8886,0,10078,452,0,309,4182,0,45,163,0,0,750,310,2800,0,0,1735
MSitAE-JUNE-2025,RYR,NHS ENGLAND SOUTH EAST ,UNIVERSITY HOSPITALS SUSSEX NHS FOUNDATION TRUST,26467,1588,1927,1712,0,571,9334,74,217,469,0,4,663,514,8745,38,97,1542
MSitAE-JUNE-2025,RYY,NHS ENGLAND SOUTH EAST ,KENT COMMUNITY HEALTH NHS FOUNDATION TRUST,0,0,9813,0,0,0,0,0,28,0,0,0,0,0,0,0,0,0
MSitAE-JUNE-2025,NNJ,NHS ENGLAND MIDLANDS ,DHU HEALTH CARE C.I.C,0,0,1914,0,0,0,0,0,1,0,0,0,0,0,0,0,0,0
MSitAE-JUNE-2025,NTP11,NHS ENGLAND SOUTH EAST ,PRACTICE PLUS GROUP HOSPITAL - SOUTHAMPTON,0,0,5502,0,0,0,0,0,261,0,0,0,0,0,0,0,0,0
MSitAE-JUNE-2025,R1D,NHS ENGLAND MIDLANDS ,SHROPSHIRE COMMUNITY HEALTH NHS TRUST,0,0,3487,0,0,2,0,0,51,0,0,0,0,0,0,0,0,0
MSitAE-JUNE-2025,RBN,NHS ENGLAND NORTH WEST ,MERSEY AND WEST LANCASHIRE TEACHING HOSPITALS NHS TRUST,17147,0,7253,423,0,0,6357,0,98,36,0,0,597,264,7553,0,0,748
MSitAE-JUNE-2025,RBS,NHS ENGLAND NORTH WEST ,ALDER HEY CHILDREN'S NHS FOUNDATION TRUST,5785,0,0,0,0,0,867,0,0,0,0,0,0,0,812,0,0,292
MSitAE-JUNE-2025,RCB,NHS ENGLAND NORTH EAST AND YORKSHIRE ,YORK AND SCARBOROUGH TEACHING HOSPITALS NHS FOUNDATION TRUST,10773,325,7682,0,0,0,5365,0,383,0,0,0,750,377,4825,0,0,1665
MSitAE-JUNE-2025,RF4,NHS ENGLAND LONDON,"BARKING, HAVERING AND REDBRIDGE UNIVERSITY HOSPITALS NHS TRUST",13369,2355,14694,0,0,0,5954,246,240,0,0,0,712,586,7737,0,0,367
MSitAE-JUNE-2025,RJ2,NHS ENGLAND LONDON,LEWISHAM AND GREENWICH NHS TRUST,15546,0,9786,0,0,0,7695,0,276,0,0,0,1251,712,3967,0,0,524
MSitAE-JUNE-2025,RJR,NHS ENGLAND NORTH WEST ,COUNTESS OF CHESTER HOSPITAL NHS FOUNDATION TRUST,5245,0,2400,0,0,0,2572,0,206,0,0,0,381,577,1704,0,0,1178
MSitAE-JUNE-2025,RK5,NHS ENGLAND MIDLANDS ,SHERWOOD FOREST HOSPITALS NHS FOUNDATION TRUST,11174,0,5696,285,0,153,3627,0,266,123,0,3,574,43,3631,0,0,252
MSitAE-JUNE-2025,RKE,NHS ENGLAND LONDON,WHITTINGTON HEALTH NHS TRUST,9127,0,0,0,0,0,2445,0,0,0,0,0,234,140,1304,0,0,27
MSitAE-JUNE-2025,RL1,NHS ENGLAND MIDLANDS ,THE ROBERT JONES AND AGNES HUNT ORTHOPAEDIC HOSPITAL NHS FOUNDATION TRUST,0,0,0,0,0,0,0,0,0,0,0,0,0,0,0,0,0,15
MSitAE-JUNE-2025,RL4,NHS ENGLAND MIDLANDS ,THE ROYAL WOLVERHAMPTON NHS TRUST,13220,0,7273,94,0,670,3509,0,140,11,0,1,1040,212,5965,0,0,820
MSitAE-JUNE-2025,RN3,NHS ENGLAND SOUTH WEST ,GREAT WESTERN HOSPITALS NHS FOUNDATION TRUST,5709,0,5661,0,0,0,2897,0,617,0,0,0,702,164,2535,0,0,1238
MSitAE-JUNE-2025,RN5,NHS ENGLAND SOUTH EAST ,HAMPSHIRE HOSPITALS NHS FOUNDATION TRUST,10496,45,3490,0,0,125,4268,0,106,0,0,0,83,23,3879,8,65,1416
MSitAE-JUNE-2025,RNZ,NHS ENGLAND SOUTH WEST ,SALISBURY NHS FOUNDATION TRUST,4881,295,1925,216,0,0,2178,0,0,104,0,0,351,31,1205,0,0,1005
MSitAE-JUNE-2025,RPC,NHS ENGLAND SOUTH EAST ,QUEEN VICTORIA HOSPITAL NHS FOUNDATION TRUST,0,0,1488,0,0,0,0,0,53,0,0,0,0,0,0,0,5,562
MSitAE-JUNE-2025,RQ3,NHS ENGLAND MIDLANDS ,BIRMINGHAM WOMEN'S AND CHILDREN'S NHS FOUNDATION TRUST,4831,0,0,0,0,0,791,0,0,0,0,0,9,2,507,0,0,219
MSitAE-JUNE-2025,RTE,NHS ENGLAND SOUTH WEST ,GLOUCESTERSHIRE HOSPITALS NHS FOUNDATION TRUST,13546,0,0,245,0,0,5020,0,0,66,0,0,430,223,2873,0,0,2539
MSitAE-JUNE-2025,RTX,NHS ENGLAND NORTH WEST ,UNIVERSITY HOSPITALS OF MORECAMBE BAY NHS FOUNDATION TRUST,9300,0,2951,169,0,1191,3208,0,94,22,0,26,622,264,3162,0,19,941
MSitAE-JUNE-2025,RVV,NHS ENGLAND SOUTH EAST ,EAST KENT HOSPITALS UNIVERSITY NHS FOUNDATION TRUST,12129,0,13137,0,0,0,5583,0,374,0,0,0,535,1150,2935,0,588,464
MSitAE-JUNE-2025,RWE,NHS ENGLAND MIDLANDS ,UNIVERSITY HOSPITALS OF LEICESTER NHS TRUST,21814,2124,0,0,0,0,9128,250,0,0,0,0,1207,569,6443,5,0,3325
MSitAE-JUNE-2025,RWH,NHS ENGLAND EAST OF ENGLAND ,EAST AND NORTH HERTFORDSHIRE NHS TRUST,8595,0,8439,0,0,0,3738,0,109,0,0,0,81,23,2818,0,4,243
MSitAE-JUNE-2025,RXC,NHS ENGLAND SOUTH EAST ,EAST SUSSEX HEALTHCARE NHS TRUST,8606,0,2753,1978,0,1499,3532,0,54,0,0,0,208,31,3052,0,0,507
MSitAE-JUNE-2025,RXG,NHS ENGLAND NORTH EAST AND YORKSHIRE ,SOUTH WEST YORKSHIRE PARTNERSHIP NHS FOUNDATION TRUST,0,0,0,0,0,0,0,0,0,0,0,0,0,0,0,0,0,108
MSitAE-JUNE-2025,RXP,NHS ENGLAND NORTH EAST AND YORKSHIRE ,COUNTY DURHAM AND DARLINGTON NHS FOUNDATION TRUST,13150,0,4516,0,0,7246,4718,0,0,0,0,0,1589,0,4339,0,0,810
MSitAE-JUNE-2025,RXW,NHS ENGLAND MIDLANDS ,THE SHREWSBURY AND TELFORD HOSPITAL NHS TRUST,10883,0,2669,0,0,0,5918,0,448,0,0,0,450,1334,3125,0,141,1963
MSitAE-JUNE-2025,RY4,NHS ENGLAND EAST OF ENGLAND ,HERTFORDSHIRE COMMUNITY NHS TRUST,0,0,1289,0,0,0,0,0,59,0,0,0,0,0,0,0,0,0
MSitAE-JUNE-2025,RY5,NHS ENGLAND MIDLANDS ,LINCOLNSHIRE COMMUNITY HEALTH SERVICES NHS TRUST,0,0,8665,0,0,0,0,0,174,0,0,0,0,0,0,0,0,0
MSitAE-JUNE-2025,RYX,NHS ENGLAND LONDON,CENTRAL LONDON COMMUNITY HEALTHCARE NHS TRUST,0,0,12854,0,0,549,0,0,299,0,0,13,0,0,0,0,0,0
MSitAE-JUNE-2025,AD913,NHS ENGLAND LONDON,BECKENHAM BEACON UCC,0,0,3629,0,0,239,0,0,40,0,0,0,0,0,0,0,0,0
MSitAE-JUNE-2025,NNJ07,NHS ENGLAND MIDLANDS ,LOUGHBOROUGH URGENT CARE CENTRE,0,0,5332,0,0,2551,0,0,23,0,0,4,0,0,0,0,0,0
MSitAE-JUNE-2025,NNJ0H,NHS ENGLAND MIDLANDS ,LLR EA - THE MERLYN VAZ HEALTH & SOCIAL CARE CENTRE,0,0,184,0,0,2165,0,0,0,0,0,0,0,0,0,0,0,0
MSitAE-JUNE-2025,NNJ12,NHS ENGLAND MIDLANDS ,MARKET HARBOROUGH,0,0,98,0,0,419,0,0,0,0,0,0,0,0,0,0,0,0
MSitAE-JUNE-2025,NNJ13,NHS ENGLAND MIDLANDS ,MELTON MOWBRAY,0,0,46,0,0,331,0,0,0,0,0,0,0,0,0,0,0,0
MSitAE-JUNE-2025,NNJ15,NHS ENGLAND MIDLANDS ,OAKHAM,0,0,55,0,0,360,0,0,0,0,0,0,0,0,0,0,0,0
MSitAE-JUNE-2025,R0D,NHS ENGLAND SOUTH WEST ,UNIVERSITY HOSPITALS DORSET NHS FOUNDATION TRUST,14718,0,5172,0,0,0,5721,0,0,0,0,0,603,80,4087,3,0,2474
MSitAE-JUNE-2025,RAL,NHS ENGLAND LONDON,ROYAL FREE LONDON NHS FOUNDATION TRUST,25688,575,16341,153,1,174,8647,10,748,58,0,17,1181,1691,6243,2,106,730
MSitAE-JUNE-2025,RAN,NHS ENGLAND LONDON,ROYAL NATIONAL ORTHOPAEDIC HOSPITAL NHS TRUST,0,0,0,0,0,0,0,0,0,0,0,0,0,0,0,0,0,37
MSitAE-JUNE-2025,RBK,NHS ENGLAND MIDLANDS ,WALSALL HEALTHCARE NHS TRUST,9482,0,4317,20,0,147,2895,0,73,7,0,0,922,55,3809,0,0,742
MSitAE-JUNE-2025,RCU,NHS ENGLAND NORTH EAST AND YORKSHIRE ,SHEFFIELD CHILDREN'S NHS FOUNDATION TRUST,4715,0,309,265,0,22,312,0,0,21,0,0,11,0,953,0,0,66
MSitAE-JUNE-2025,RD1,NHS ENGLAND SOUTH WEST ,ROYAL UNITED HOSPITALS BATH NHS FOUNDATION TRUST,8676,0,0,0,0,0,3681,0,0,0,0,0,697,25,2525,0,9,1958
MSitAE-JUNE-2025,RDE,NHS ENGLAND EAST OF ENGLAND ,EAST SUFFOLK AND NORTH ESSEX NHS FOUNDATION TRUST,11506,0,14392,1129,0,593,5944,0,549,0,0,0,1012,452,6014,0,396,1041
MSitAE-JUNE-2025,RDR,NHS ENGLAND SOUTH EAST ,SUSSEX COMMUNITY NHS FOUNDATION TRUST,0,0,12342,0,0,0,0,0,137,0,0,0,0,0,0,0,0,0
MSitAE-JUNE-2025,REP,NHS ENGLAND NORTH WEST ,LIVERPOOL WOMEN'S NHS FOUNDATION TRUST,0,1467,0,0,0,0,0,109,0,0,0,0,0,0,0,116,0,10
MSitAE-JUNE-2025,RGN,NHS ENGLAND EAST OF ENGLAND ,NORTH WEST ANGLIA NHS FOUNDATION TRUST,14646,0,4740,249,0,419,5338,0,181,55,0,9,643,519,3491,0,31,1417
MSitAE-JUNE-2025,RGR,NHS ENGLAND EAST OF ENGLAND ,WEST SUFFOLK NHS FOUNDATION TRUST,8040,0,685,147,0,0,2548,0,0,0,0,0,505,240,2005,0,0,280
MSitAE-JUNE-2025,RH5,NHS ENGLAND SOUTH WEST ,SOMERSET NHS FOUNDATION TRUST,12738,0,9378,0,0,2,5173,0,210,0,0,0,283,66,3193,0,0,1676
MSitAE-JUNE-2025,RH8,NHS ENGLAND SOUTH WEST ,ROYAL DEVON UNIVERSITY HEALTHCARE NHS FOUNDATION TRUST,12847,0,4358,1193,0,107,4809,0,23,463,0,0,639,90,3769,0,0,1740
MSitAE-JUNE-2025,RHQ,NHS ENGLAND NORTH EAST AND YORKSHIRE ,SHEFFIELD TEACHING HOSPITALS NHS FOUNDATION TRUST,8756,1214,7199,372,3,1351,3872,3,196,139,0,9,524,4,3426,0,0,3071
MSitAE-JUNE-2025,RJ7,NHS ENGLAND LONDON,ST GEORGE'S UNIVERSITY HOSPITALS NHS FOUNDATION TRUST,8539,0,4126,555,0,0,2394,0,150,82,0,0,519,694,2744,0,0,811
MSitAE-JUNE-2025,RJE,NHS ENGLAND MIDLANDS ,UNIVERSITY HOSPITALS OF NORTH MIDLANDS NHS TRUST,14177,513,8630,608,0,531,7382,0,105,298,0,4,1032,942,4921,0,0,1901
MSitAE-JUNE-2025,RKB,NHS ENGLAND MIDLANDS ,UNIVERSITY HOSPITALS COVENTRY AND WARWICKSHIRE NHS TRUST,12391,1313,5969,0,0,0,5555,117,190,0,0,0,70,14,1479,42,31,329
MSitAE-JUNE-2025,RLT,NHS ENGLAND MIDLANDS ,GEORGE ELIOT HOSPITAL NHS TRUST,6939,0,1693,0,0,0,2566,0,64,0,0,0,261,484,1028,0,0,0
MSitAE-JUNE-2025,RM1,NHS ENGLAND EAST OF ENGLAND ,NORFOLK AND NORWICH UNIVERSITY HOSPITALS NHS FOUNDATION TRUST,13020,0,7591,0,0,0,4102,0,13,0,0,0,937,248,2403,0,0,1566
MSitAE-JUNE-2025,RN7,NHS ENGLAND SOUTH EAST ,DARTFORD AND GRAVESHAM NHS TRUST,11007,0,4082,0,0,0,3835,0,5,0,0,0,536,297,2977,0,0,401
MSitAE-JUNE-2025,RNU,NHS ENGLAND SOUTH EAST ,OXFORD HEALTH NHS FOUNDATION TRUST,0,0,4643,0,0,0,0,0,219,0,0,0,0,0,0,0,0,0
MSitAE-JUNE-2025,RP6,NHS ENGLAND LONDON,MOORFIELDS EYE HOSPITAL NHS FOUNDATION TRUST,0,6116,0,0,0,0,0,243,0,0,0,0,0,0,0,1,0,245
MSitAE-JUNE-2025,RQM,NHS ENGLAND LONDON,CHELSEA AND WESTMINSTER HOSPITAL NHS FOUNDATION TRUST,19980,0,6091,617,0,0,5149,0,78,0,0,0,508,56,2717,0,0,321
MSitAE-JUNE-2025,RQW,NHS ENGLAND EAST OF ENGLAND ,THE PRINCESS ALEXANDRA HOSPITAL NHS TRUST,8513,0,1907,0,0,553,3484,0,0,0,0,0,344,99,1903,0,0,278
MSitAE-JUNE-2025,RR8,NHS ENGLAND NORTH EAST AND YORKSHIRE ,LEEDS TEACHING HOSPITALS NHS TRUST,17563,736,11747,79,0,325,6835,0,196,35,0,0,1759,208,3616,0,0,1184
MSitAE-JUNE-2025,RRF,NHS ENGLAND NORTH WEST ,"WRIGHTINGTON, WIGAN AND LEIGH NHS FOUNDATION TRUST",7384,0,5202,0,0,0,3512,0,58,0,0,0,626,356,2087,0,0,665
MSitAE-JUNE-2025,RRK,NHS ENGLAND MIDLANDS ,UNIVERSITY HOSPITALS BIRMINGHAM NHS FOUNDATION TRUST,35162,381,1864,0,0,294,14726,0,101,0,0,12,2472,1892,9933,0,0,7067
MSitAE-JUNE-2025,RTF,NHS ENGLAND NORTH EAST AND YORKSHIRE ,NORTHUMBRIA HEALTHCARE NHS FOUNDATION TRUST,9915,0,13581,0,0,0,1993,0,7,0,0,0,3,0,4250,0,11,456
MSitAE-JUNE-2025,RVJ,NHS ENGLAND SOUTH WEST ,NORTH BRISTOL NHS TRUST,9261,0,0,1,0,0,3498,0,0,0,0,0,576,263,2520,0,0,2113
MSitAE-JUNE-2025,RW4,NHS ENGLAND NORTH WEST ,MERSEY CARE NHS FOUNDATION TRUST,0,0,13175,0,0,0,0,0,244,0,0,0,0,0,0,0,0,41
MSitAE-JUNE-2025,NR3,NHS ENGLAND MIDLANDS ,NOTTINGHAM CITYCARE PARTNERSHIP,0,0,4946,0,0,258,0,0,377,0,0,0,0,0,0,0,0,0
MSitAE-JUNE-2025,R1F,NHS ENGLAND SOUTH EAST ,ISLE OF WIGHT NHS TRUST,4192,291,1567,23,0,19,1754,0,115,11,0,0,264,181,1389,0,0,66
MSitAE-JUNE-2025,RAE,NHS ENGLAND NORTH EAST AND YORKSHIRE ,BRADFORD TEACHING HOSPITALS NHS FOUNDATION TRUST,9369,1106,3297,0,0,0,2373,0,1,0,0,0,653,63,2606,0,11,1360
MSitAE-JUNE-2025,RC9,NHS ENGLAND EAST OF ENGLAND ,BEDFORDSHIRE HOSPITALS NHS FOUNDATION TRUST,16839,0,7673,0,0,761,6761,0,0,0,0,0,81,0,4698,0,0,2321
MSitAE-JUNE-2025,RGT,NHS ENGLAND EAST OF ENGLAND ,CAMBRIDGE UNIVERSITY HOSPITALS NHS FOUNDATION TRUST,10891,0,6055,296,0,300,4397,0,139,61,0,2,519,236,2906,0,33,491
MSitAE-JUNE-2025,RHM,NHS ENGLAND SOUTH EAST ,UNIVERSITY HOSPITAL SOUTHAMPTON NHS FOUNDATION TRUST,11765,1335,0,2,0,0,5029,106,0,1,0,0,363,9,3618,15,0,1551
MSitAE-JUNE-2025,RJ6,NHS ENGLAND LONDON,CROYDON HEALTH SERVICES NHS TRUST,12910,0,5052,0,0,0,4521,0,0,0,0,0,252,0,1143,0,0,107
MSitAE-JUNE-2025,RJN,NHS ENGLAND NORTH WEST ,EAST CHESHIRE NHS TRUST,4831,0,0,2,0,0,2575,0,0,0,0,0,172,259,983,0,0,185
MSitAE-JUNE-2025,RTH,NHS ENGLAND SOUTH EAST ,OXFORD UNIVERSITY HOSPITALS NHS FOUNDATION TRUST,12268,1813,3750,1643,0,217,3498,0,111,294,0,37,511,0,5313,92,21,4257
MSitAE-JUNE-2025,RWD,NHS ENGLAND MIDLANDS ,UNITED LINCOLNSHIRE TEACHING HOSPITALS NHS TRUST,16654,0,3648,0,0,0,6851,0,343,0,0,0,910,1077,4596,0,0,1133
MSitAE-JUNE-2025,RWG,NHS ENGLAND EAST OF ENGLAND ,WEST HERTFORDSHIRE TEACHING HOSPITALS NHS TRUST,8116,0,7881,0,0,778,2374,0,39,0,0,0,654,21,4276,0,0,587
MSitAE-JUNE-2025,RWJ,NHS ENGLAND NORTH WEST ,STOCKPORT NHS FOUNDATION TRUST,7886,0,1086,313,0,1174,2551,0,68,96,0,0,558,95,2861,0,59,788
MSitAE-JUNE-2025,RWX,NHS ENGLAND SOUTH EAST ,BERKSHIRE HEALTHCARE NHS FOUNDATION TRUST,0,0,1624,0,0,0,0,0,20,0,0,0,0,0,0,0,34,0
MSitAE-JUNE-2025,RXN,NHS ENGLAND NORTH WEST ,LANCASHIRE TEACHING HOSPITALS NHS FOUNDATION TRUST,11836,0,3418,203,0,110,4494,0,142,44,0,2,995,476,2852,0,115,1525
MSitAE-JUNE-2025,RY2,NHS ENGLAND NORTH WEST ,BRIDGEWATER COMMUNITY HEALTHCARE NHS FOUNDATION TRUST,0,0,2903,0,0,175,0,0,39,0,0,0,0,0,0,0,0,0
MSitAE-JUNE-2025,RYJ,NHS ENGLAND LONDON,IMPERIAL COLLEGE HEALTHCARE NHS TRUST,12099,4052,7565,0,0,487,5345,102,353,0,0,0,676,0,3740,2,0,1094
MSitAE-JUNE-2025,RHW,NHS ENGLAND SOUTH EAST ,ROYAL BERKSHIRE NHS FOUNDATION TRUST,11860,2537,1911,997,227,0,3985,15,0,352,1,0,439,5,2242,0,0,431
MSitAE-JUNE-2025,R1K,NHS ENGLAND LONDON,LONDON NORTH WEST UNIVERSITY HEALTHCARE NHS TRUST,13432,0,15614,0,0,0,6122,0,213,0,0,0,451,196,6484,0,0,318
MSitAE-JUNE-2025,RDU,NHS ENGLAND SOUTH EAST ,FRIMLEY HEALTH NHS FOUNDATION TRUST,22355,804,12806,0,0,0,9517,0,393,0,0,0,1435,414,6109,0,0,134
MSitAE-JUNE-2025,RJ1,NHS ENGLAND LONDON,GUY'S AND ST THOMAS' NHS FOUNDATION TRUST,10089,818,7093,0,0,0,3363,30,203,0,0,0,108,68,1956,0,0,232
MSitAE-JUNE-2025,RM3,NHS ENGLAND NORTH WEST ,NORTHERN CARE ALLIANCE NHS FOUNDATION TRUST,25985,0,8713,0,0,0,10696,0,380,0,0,0,1054,1179,6916,0,390,2091
MSitAE-JUNE-2025,RVR,NHS ENGLAND LONDON,EPSOM AND ST HELIER UNIVERSITY HOSPITALS NHS TRUST,10881,0,1978,112,0,18,4160,0,298,28,0,9,472,994,2266,0,0,115
MSitAE-JUNE-2025,RBL,NHS ENGLAND NORTH WEST ,WIRRAL UNIVERSITY TEACHING HOSPITAL NHS FOUNDATION TRUST,7932,0,2929,0,0,149,4151,0,84,0,0,2,508,816,1964,0,0,1763
MSitAE-JUNE-2025,RBV,NHS ENGLAND NORTH WEST ,THE CHRISTIE NHS FOUNDATION TRUST,0,0,0,0,0,0,0,0,0,0,0,0,0,0,0,0,0,784
MSitAE-JUNE-2025,RET,NHS ENGLAND NORTH WEST ,THE WALTON CENTRE NHS FOUNDATION TRUST,0,0,0,0,0,0,0,0,0,0,0,0,0,0,0,0,0,174
MSitAE-JUNE-2025,RNS,NHS ENGLAND MIDLANDS ,NORTHAMPTON GENERAL HOSPITAL NHS TRUST,11008,587,1990,0,0,0,4131,25,205,0,0,0,709,697,2211,0,0,762
MSitAE-JUNE-2025,R1H,NHS ENGLAND LONDON,BARTS HEALTH NHS TRUST,25464,1009,18454,0,0,0,11582,44,2205,0,0,0,1234,960,4113,1,35,1124
MSitAE-JUNE-2025,RHU,NHS ENGLAND SOUTH EAST ,PORTSMOUTH HOSPITALS UNIVERSITY NHS TRUST,10271,953,3213,1903,0,819,3677,9,77,536,0,19,847,838,2911,0,0,2657
MSitAE-JUNE-2025,RWW,NHS ENGLAND NORTH WEST ,WARRINGTON AND HALTON TEACHING HOSPITALS NHS FOUNDATION TRUST,6822,0,3174,259,0,72,3501,0,41,95,0,0,654,854,1645,0,0,131
MSitAE-JUNE-2025,RPA,NHS ENGLAND SOUTH EAST ,MEDWAY NHS FOUNDATION TRUST,10049,0,6470,360,0,1116,3353,0,596,76,0,0,396,454,1806,0,0,475
MSitAE-JUNE-2025,NNJ14,NHS ENGLAND MIDLANDS ,OADBY,0,0,518,0,0,2240,0,0,0,0,0,0,0,0,0,0,0,0
MSitAE-JUNE-2025,RA7,NHS ENGLAND SOUTH WEST ,UNIVERSITY HOSPITALS BRISTOL AND WESTON NHS FOUNDATION TRUST,15491,2556,0,0,0,0,5239,161,0,0,0,0,917,137,5237,9,0,1466
MSitAE-JUNE-2025,RFS,NHS ENGLAND MIDLANDS ,CHESTERFIELD ROYAL HOSPITAL NHS FOUNDATION TRUST,6588,0,6045,784,0,182,3702,0,435,447,0,59,564,78,2176,0,145,212
MSitAE-JUNE-2025,RTD,NHS ENGLAND NORTH EAST AND YORKSHIRE ,THE NEWCASTLE UPON TYNE HOSPITALS NHS FOUNDATION TRUST,12288,1745,6292,0,0,1103,4473,89,1,0,0,0,595,48,3521,21,0,2799
TOTAL,TOTAL,TOTAL,TOTAL,1395330,50843,821993,33233,775,49407,539355,2030,25349,7516,13,546,79488,38683,395628,1389,4863,134061
